latitude,longitude,event_id,animal_id
56.23949645315372,-122.52004879142932,2259197332,GR_C01
56.239847030802096,-122.52241613281835,2259197333,GR_C01
56.24000268753448,-122.5231725056304,2259197334,GR_C01
56.231872146672664,-122.53275842815131,2259197335,GR_C01
56.23402319464351,-122.5313610482623,2259197336,GR_C01
56.23389117706351,-122.53208858542934,2259197337,GR_C01
56.233566765982076,-122.53183443520912,2259197338,GR_C01
56.23351572618708,-122.5325932390285,2259197339,GR_C01
56.23309988734827,-122.53192078594012,2259197340,GR_C01
56.233160701669036,-122.53137157784344,2259197341,GR_C01
56.23379302056126,-122.53226722989446,2259197342,GR_C01
56.23375128148934,-122.53073523483243,2259197343,GR_C01
56.23339374363977,-122.53122354964663,2259197344,GR_C01
56.233178181496434,-122.53124231343658,2259197345,GR_C01
56.23633959767214,-122.53330095596999,2259197346,GR_C01
56.23308332157797,-122.5322920086678,2259197347,GR_C01
56.23399911067809,-122.53211953319581,2259197348,GR_C01
56.23395735789364,-122.53295889067333,2259197349,GR_C01
56.233547182145394,-122.5337865892384,2259197350,GR_C01
56.23337574183306,-122.53598254950457,2259197351,GR_C01
56.231800884958,-122.53530796118751,2259197352,GR_C01
56.232170815887656,-122.53572288788646,2259197353,GR_C01
56.2308969188563,-122.53623833680845,2259197354,GR_C01
56.23150519002238,-122.53552123919283,2259197355,GR_C01
56.22612785301483,-122.54642457791144,2259197356,GR_C01
56.231063626294535,-122.53517171098392,2259197357,GR_C01
56.232993905267755,-122.53240601719762,2259197358,GR_C01
56.23286586829186,-122.53181072074756,2259197359,GR_C01
56.23293963368362,-122.53230989062266,2259197360,GR_C01
56.23375696140153,-122.53223540603419,2259197361,GR_C01
56.23560615646674,-122.48004062449989,2259197362,GR_C01
56.23243214574215,-122.47947063462976,2259197363,GR_C01
56.234354092656794,-122.4792832527925,2259197364,GR_C01
56.23825195622113,-122.4767942020498,2259197365,GR_C01
56.23847799363574,-122.47712992733656,2259197366,GR_C01
56.23398677504196,-122.48598291663083,2259197367,GR_C01
56.23316279644307,-122.4953501664517,2259197368,GR_C01
56.232524651196435,-122.49529403104995,2259197369,GR_C01
56.2324344796622,-122.49521456109498,2259197370,GR_C01
56.232208704426334,-122.49713711907557,2259197371,GR_C01
56.23400038112307,-122.50250165267737,2259197372,GR_C01
56.234670204096446,-122.50373513750537,2259197373,GR_C01
56.23500410923214,-122.504101860387,2259197374,GR_C01
56.237421996414284,-122.49766574494363,2259197375,GR_C01
56.236505864617655,-122.49774226631426,2259197376,GR_C01
56.23627783176367,-122.49911653056151,2259197377,GR_C01
56.235549138035736,-122.50111032503581,2259197378,GR_C01
56.23810850771866,-122.49415579413706,2259197379,GR_C01
56.234119912368406,-122.48775563327071,2259197380,GR_C01
56.23813681080795,-122.49010591342963,2259197381,GR_C01
56.23774170364246,-122.49015956256504,2259197382,GR_C01
56.23817820605021,-122.48925028709985,2259197383,GR_C01
56.23630276233982,-122.48982375646014,2259197384,GR_C01
56.238176289121306,-122.493154623043,2259197385,GR_C01
56.23775726469725,-122.4939506901015,2259197386,GR_C01
56.23676528401783,-122.4952544025241,2259197387,GR_C01
56.24158655645139,-122.48136333692787,2259197388,GR_C01
56.23971708073358,-122.49203715127082,2259197389,GR_C01
56.23651400551982,-122.49312817571935,2259197390,GR_C01
56.23722361171635,-122.4887144643586,2259197391,GR_C01
56.23035787281681,-122.47975684313913,2259197392,GR_C01
56.227542073496274,-122.47890789901602,2259197393,GR_C01
56.22626080293664,-122.47761887743825,2259197394,GR_C01
56.22314771800157,-122.47446803762037,2259197395,GR_C01
56.22573012227641,-122.46486860895651,2259197396,GR_C01
56.22613531171265,-122.4671532059488,2259197397,GR_C01
56.22589158824382,-122.46897909446935,2259197398,GR_C01
56.22579912069008,-122.47046417999084,2259197399,GR_C01
56.22754567353854,-122.47339171115401,2259197400,GR_C01
56.22803368164293,-122.47617538108047,2259197401,GR_C01
56.22940108810583,-122.47446309096952,2259197402,GR_C01
56.22947049443767,-122.47388146550014,2259197403,GR_C01
56.2299300489097,-122.47208473041931,2259197404,GR_C01
56.229860778979045,-122.4876672923133,2259197405,GR_C01
56.22526681804265,-122.47840654885718,2259197406,GR_C01
56.22534923936482,-122.47877637640075,2259197407,GR_C01
56.22514505428443,-122.47723085510857,2259197408,GR_C01
56.22264846134152,-122.48178040209051,2259197409,GR_C01
56.22364942225189,-122.4805089553975,2259197410,GR_C01
56.231215412405405,-122.47221223035481,2259197411,GR_C01
56.23071133243704,-122.47199333488405,2259197412,GR_C01
56.230222759019696,-122.46285423399208,2259197413,GR_C01
56.23060994767918,-122.46512319749202,2259197414,GR_C01
56.22875453330115,-122.46614908049608,2259197415,GR_C01
56.23765498482062,-122.47373701107902,2259197416,GR_C01
56.237444708358815,-122.47499828571962,2259197417,GR_C01
56.221645296844066,-122.46561897354252,2259197418,GR_C01
56.23736707819387,-122.47364415961249,2259197419,GR_C01
56.23948442533759,-122.47929431581333,2259197420,GR_C01
56.23681115425339,-122.47390991076858,2259197421,GR_C01
56.237438402929946,-122.47351411568948,2259197422,GR_C01
56.23612361654565,-122.47280618039896,2259197423,GR_C01
56.23743428642486,-122.47465963069816,2259197424,GR_C01
56.237266192350276,-122.47316154869588,2259197425,GR_C01
56.236312628728676,-122.47288424799689,2259197426,GR_C01
56.235172743381774,-122.47953026323869,2259197427,GR_C01
56.2380317265655,-122.48859076473622,2259197428,GR_C01
56.24966853977921,-122.48464313450582,2259197429,GR_C01
56.26187993321836,-122.47635884704792,2259197430,GR_C01
56.259615111831074,-122.47832687876058,2259197431,GR_C01
56.257619123985606,-122.47799891195605,2259197432,GR_C01
56.25682226861724,-122.47441023180873,2259197433,GR_C01
56.25626098823021,-122.47553166200312,2259197434,GR_C01
56.245217216765695,-122.47516626089389,2259197435,GR_C01
56.260445734469776,-122.47080913123561,2259197436,GR_C01
56.260830673651625,-122.47048095772115,2259197437,GR_C01
56.270857723581294,-122.48976762750185,2259197438,GR_C01
56.260811807493084,-122.47027135850023,2259197439,GR_C01
56.2575944570146,-122.48067876884764,2259197440,GR_C01
56.260774953989625,-122.47216060333898,2259197441,GR_C01
56.25678610256634,-122.47647682116512,2259197442,GR_C01
56.25530186671807,-122.47606128070046,2259197443,GR_C01
56.25567315774127,-122.47888086387437,2259197444,GR_C01
56.24632117225251,-122.48128320153056,2259197445,GR_C01
56.24372270382423,-122.48083425319695,2259197446,GR_C01
56.24276475170125,-122.47950797118563,2259197447,GR_C01
56.23590485998544,-122.49357179896127,2259197448,GR_C01
56.235832787937866,-122.49352435230387,2259197449,GR_C01
56.236479239207114,-122.4978232786999,2259197450,GR_C01
56.23615435505187,-122.49526243650068,2259197451,GR_C01
56.23551456429296,-122.4948030103262,2259197452,GR_C01
56.22685735866914,-122.49580400484707,2259197453,GR_C01
56.23291488126317,-122.49185293340737,2259197454,GR_C01
56.23357853334006,-122.49374767466615,2259197455,GR_C01
56.23563675280166,-122.49612426239497,2259197456,GR_C01
56.23617966219428,-122.49485878692629,2259197457,GR_C01
56.23608340201447,-122.49548922636976,2259197458,GR_C01
56.23758508767999,-122.49800240881144,2259197459,GR_C01
56.23596481880573,-122.4994755319739,2259197460,GR_C01
56.236318266702405,-122.50469792507049,2259197461,GR_C01
56.23597529177592,-122.50655759708577,2259197462,GR_C01
56.234873697362005,-122.50744289245553,2259197463,GR_C01
56.23307106962863,-122.5037719425164,2259197464,GR_C01
56.23485413629173,-122.4981026535876,2259197465,GR_C01
56.23237139616626,-122.50405521501665,2259197466,GR_C01
56.232372615290124,-122.49989338456173,2259197467,GR_C01
56.23109956554058,-122.50281346419547,2259197468,GR_C01
56.23101354297132,-122.50376627732004,2259197469,GR_C01
56.22718940973353,-122.50460601771749,2259197470,GR_C01
56.22762187517744,-122.50266494976474,2259197471,GR_C01
56.22852376180973,-122.49905640014528,2259197472,GR_C01
56.228233651721254,-122.49841501218573,2259197473,GR_C01
56.22824289749447,-122.49847940872947,2259197474,GR_C01
56.22714341487053,-122.49765506883656,2259197475,GR_C01
56.23071039624123,-122.4998827774742,2259197476,GR_C01
56.23408535387376,-122.50129066754161,2259197477,GR_C01
56.23488582642223,-122.5037323497723,2259197478,GR_C01
56.23487807094361,-122.50403896024372,2259197479,GR_C01
56.23853195390992,-122.49444061894323,2259197480,GR_C01
56.23806973321747,-122.49346256610644,2259197481,GR_C01
56.2378813281941,-122.49352958621726,2259197482,GR_C01
56.23813075810954,-122.49520417784007,2259197483,GR_C01
56.23782051675055,-122.4962407933638,2259197484,GR_C01
56.23766627312813,-122.49808201341104,2259197485,GR_C01
56.2360840167263,-122.4934403740767,2259197486,GR_C01
56.23851636275341,-122.48413141622989,2259197487,GR_C01
56.2367656820838,-122.48878509618888,2259197488,GR_C01
56.23311996296773,-122.48065503140063,2259197489,GR_C01
56.240770237221014,-122.47527548398102,2259197490,GR_C01
56.23496943875193,-122.47606460141573,2259197491,GR_C01
56.2377626582131,-122.47370326796415,2259197492,GR_C01
56.23854918566198,-122.47696762058128,2259197493,GR_C01
56.237543878756235,-122.47296413778447,2259197494,GR_C01
56.238092778055545,-122.47105284750243,2259197495,GR_C01
56.236321750373065,-122.47291638823124,2259197496,GR_C01
56.237687351375776,-122.47289763432202,2259197497,GR_C01
56.25218415704771,-122.46972879333215,2259197498,GR_C01
56.24007405782809,-122.47213880869808,2259197499,GR_C01
56.24164643227613,-122.4721494500606,2259197500,GR_C01
56.244315210459675,-122.47645335131486,2259197501,GR_C01
56.24308444160594,-122.47648627941845,2259197502,GR_C01
56.25122391664415,-122.48273397494259,2259197503,GR_C01
56.24661541951098,-122.48289293054056,2259197504,GR_C01
56.24464652091818,-122.48045061997482,2259197505,GR_C01
56.24208679222702,-122.47853292148831,2259197506,GR_C01
56.23808084674425,-122.4766997337486,2259197507,GR_C01
56.24019023315054,-122.47199200132063,2259197508,GR_C01
56.236585188289766,-122.46313625254392,2259197509,GR_C01
56.23496086887029,-122.46774051278658,2259197510,GR_C01
56.236420370628394,-122.47286663554455,2259197511,GR_C01
56.23754909432245,-122.474190194506,2259197512,GR_C01
56.23811845629823,-122.47285944656777,2259197513,GR_C01
56.2378649124653,-122.47450853576899,2259197514,GR_C01
56.23748449049279,-122.47378774857003,2259197515,GR_C01
56.237569319367765,-122.47260885634452,2259197516,GR_C01
56.24002782834972,-122.4760600816994,2259197517,GR_C01
56.23849303607842,-122.47856561816361,2259197518,GR_C01
56.23767274743039,-122.4736883675632,2259197519,GR_C01
56.23803945302357,-122.47329613547234,2259197520,GR_C01
56.23612677568241,-122.47354823983571,2259197521,GR_C01
56.23819039874023,-122.47287459198118,2259197522,GR_C01
56.236113097373,-122.47667816397542,2259197523,GR_C01
56.23668074017041,-122.47705761397427,2259197524,GR_C01
56.236796989634065,-122.47692696651147,2259197525,GR_C01
56.237691470464405,-122.47386557741304,2259197526,GR_C01
56.239745518376786,-122.47729013418241,2259197527,GR_C01
56.23693731303634,-122.48037751731934,2259197528,GR_C01
56.23655719642822,-122.47972121680779,2259197529,GR_C01
56.23368368711708,-122.48872935221992,2259197530,GR_C01
56.23334588168061,-122.48960495168593,2259197531,GR_C01
56.23217863633707,-122.4919755960804,2259197532,GR_C01
56.235591108878744,-122.49594740493048,2259197533,GR_C01
56.23768710523908,-122.49437108111124,2259197534,GR_C01
56.2380576137774,-122.4905103022295,2259197535,GR_C01
56.2376686736061,-122.4920642621926,2259197536,GR_C01
56.23812186839848,-122.48649220927162,2259197537,GR_C01
56.24373466413251,-122.4815440692523,2259197538,GR_C01
56.24130253672728,-122.49745360120437,2259197539,GR_C01
56.23890096693036,-122.49459709611949,2259197540,GR_C01
56.24010656806544,-122.49500071147527,2259197541,GR_C01
56.236438690285645,-122.49448432395609,2259197542,GR_C01
56.238146787542796,-122.48816976043256,2259197543,GR_C01
56.23339346547088,-122.48374858150964,2259197544,GR_C01
56.23018248341703,-122.47651705624217,2259197545,GR_C01
56.22878455642803,-122.47739098461248,2259197546,GR_C01
56.22781868222455,-122.47845252802722,2259197547,GR_C01
56.23280459254663,-122.47830413297855,2259197548,GR_C01
56.2244909402054,-122.47130473714729,2259197549,GR_C01
56.23371688073158,-122.46678986222638,2259197550,GR_C01
56.22416224169504,-122.47218015552573,2259197551,GR_C01
56.22318084103778,-122.46959716023242,2259197552,GR_C01
56.226994468496585,-122.4540124027159,2259197553,GR_C01
56.22955088792835,-122.45508901230893,2259197554,GR_C01
56.228286948501406,-122.4619135538647,2259197555,GR_C01
56.2273093213256,-122.46437885898558,2259197556,GR_C01
56.22714914083347,-122.46473592945783,2259197557,GR_C01
56.22689841975965,-122.46493297028599,2259197558,GR_C01
56.227899834815595,-122.46380609829352,2259197559,GR_C01
56.228384371650044,-122.46158959992353,2259197560,GR_C01
56.22861732946796,-122.46144116730605,2259197561,GR_C01
56.228830135924504,-122.46285758828535,2259197562,GR_C01
56.2291038103898,-122.4617408080284,2259197563,GR_C01
56.226597878669565,-122.46816289299461,2259197564,GR_C01
56.22660783321045,-122.4683885565651,2259197565,GR_C01
56.22586325082198,-122.46865691912588,2259197566,GR_C01
56.225904290209925,-122.46775316195584,2259197567,GR_C01
56.228049559195156,-122.46311044803811,2259197568,GR_C01
56.22407953716407,-122.44908653910224,2259197569,GR_C01
56.22461108246156,-122.4514335798363,2259197570,GR_C01
56.226571938657,-122.46009892014564,2259197571,GR_C01
56.22777800385024,-122.46058196512637,2259197572,GR_C01
56.22270761162287,-122.44768703983401,2259197573,GR_C01
56.224914217777084,-122.46112216277099,2259197574,GR_C01
56.22562003862193,-122.46227349247413,2259197575,GR_C01
56.226988889576504,-122.46507686908592,2259197576,GR_C01
56.22609020930894,-122.45883154489326,2259197577,GR_C01
56.22931528348418,-122.46285080067723,2259197578,GR_C01
56.22685858883895,-122.45990134398255,2259197579,GR_C01
56.22668305448924,-122.46085540730134,2259197580,GR_C01
56.22621671845082,-122.46105549752961,2259197581,GR_C01
56.22583222592311,-122.46980246118935,2259197582,GR_C01
56.224562839261736,-122.4734164906148,2259197583,GR_C01
56.23346670361683,-122.47764987260645,2259197584,GR_C01
56.23140528046049,-122.48529160185824,2259197585,GR_C01
56.23134634563942,-122.48624410031186,2259197586,GR_C01
56.231298542775114,-122.48555112300981,2259197587,GR_C01
56.24683723437396,-122.48437455997043,2259197588,GR_C01
56.238285289049855,-122.49344358761816,2259197589,GR_C01
56.23708219244459,-122.49365306285283,2259197590,GR_C01
56.235662087223176,-122.4935266047378,2259197591,GR_C01
56.23404914328293,-122.49458032038986,2259197592,GR_C01
56.23509619791598,-122.49137235434195,2259197593,GR_C01
56.23426192233257,-122.49168991453075,2259197594,GR_C01
56.23367570960767,-122.49334310256027,2259197595,GR_C01
56.23963537829565,-122.48531030046972,2259197596,GR_C01
56.2305743701455,-122.48641573441581,2259197597,GR_C01
56.230369570407,-122.4934028657075,2259197598,GR_C01
56.23037408290607,-122.48795078651351,2259197599,GR_C01
56.23153300471329,-122.48575768048124,2259197600,GR_C01
56.24090493656164,-122.47314386471132,2259197601,GR_C01
56.23136042633833,-122.48530833389634,2259197602,GR_C01
56.228619101730544,-122.48940971822363,2259197603,GR_C01
56.23109391601354,-122.48603778142365,2259197604,GR_C01
56.236501805450516,-122.47723751296704,2259197605,GR_C01
56.23723868761632,-122.49237648192198,2259197606,GR_C01
56.2498202633057,-122.48439902002366,2259197607,GR_C01
56.245712181098064,-122.50817514282275,2259197608,GR_C01
56.245927610804486,-122.50812397107278,2259197609,GR_C01
56.24099416387018,-122.49453725983368,2259197610,GR_C01
56.23745397857344,-122.49229296843698,2259197611,GR_C01
56.236449661607224,-122.49277410413262,2259197612,GR_C01
56.23839626733064,-122.49421653585183,2259197613,GR_C01
56.237300981665214,-122.49223045971837,2259197614,GR_C01
56.236215674435265,-122.49268040015374,2259197615,GR_C01
56.23613641910909,-122.48653490491137,2259197616,GR_C01
56.23429506875416,-122.4802035714351,2259197617,GR_C01
56.231354325099296,-122.48600203374676,2259197618,GR_C01
56.23115043275172,-122.48666611685282,2259197619,GR_C01
56.23081190677216,-122.48736425163526,2259197620,GR_C01
56.23196822043709,-122.49105891910006,2259197621,GR_C01
56.2387746622882,-122.49227549744401,2259197622,GR_C01
56.23590987935855,-122.49260377915238,2259197623,GR_C01
56.24838703511958,-122.49636026043262,2259197624,GR_C01
56.24583256392763,-122.50907725586403,2259197625,GR_C01
56.24196060490668,-122.5091913314845,2259197626,GR_C01
56.24188198479382,-122.50975706396436,2259197627,GR_C01
56.2421100712678,-122.50836652706035,2259197628,GR_C01
56.247760089332644,-122.47521216325893,2259197629,GR_C01
56.25762925048164,-122.48255073561027,2259197630,GR_C01
56.25683533222222,-122.48177051995916,2259197631,GR_C01
56.25786101717916,-122.4821117798312,2259197632,GR_C01
56.25736756134242,-122.48227985926322,2259197633,GR_C01
56.25820464901032,-122.47623146936256,2259197634,GR_C01
56.257855169912226,-122.4850173826632,2259197635,GR_C01
56.25687260405299,-122.47994603944605,2259197636,GR_C01
56.25641476534252,-122.477902315502,2259197637,GR_C01
56.2563188645333,-122.47859769077716,2259197638,GR_C01
56.25655218168898,-122.47852995384191,2259197639,GR_C01
56.24920373894818,-122.47453075039257,2259197640,GR_C01
56.256413924654304,-122.47557799423974,2259197641,GR_C01
56.25673118555813,-122.47836610666532,2259197642,GR_C01
56.255966833736956,-122.47608447884151,2259197643,GR_C01
56.25467977009858,-122.47555328354117,2259197644,GR_C01
56.25508433237893,-122.47561231433836,2259197645,GR_C01
56.24980363894706,-122.48472201166278,2259197646,GR_C01
56.25632696366943,-122.52761821574082,2259197647,GR_C01
56.24756791812751,-122.54712324718743,2259197648,GR_C01
56.23291916369312,-122.53164875805993,2259197649,GR_C01
56.255546673281245,-122.57509781992617,2259197650,GR_C01
56.269235275468255,-122.5953552864764,2259197651,GR_C01
56.266495623342124,-122.61529139770242,2259197652,GR_C01
56.29447635480445,-122.63092513299102,2259197653,GR_C01
56.28347701404837,-122.68546485599778,2259197654,GR_C01
56.28571955268153,-122.67365447508858,2259197655,GR_C01
56.28731792039112,-122.67331777780497,2259197656,GR_C01
56.28637426711342,-122.67663732541656,2259197657,GR_C01
56.268887712860725,-122.71199988074487,2259197658,GR_C01
56.275727670449506,-122.69076078701129,2259197659,GR_C01
56.2732098543721,-122.68990910327908,2259197660,GR_C01
56.27933160730238,-122.69850018238036,2259197661,GR_C01
56.29054382745729,-122.69828269138097,2259197662,GR_C01
56.285820940170666,-122.69951524004254,2259197663,GR_C01
56.283935675769825,-122.69644487532021,2259197664,GR_C01
56.28256501062231,-122.69807093874931,2259197665,GR_C01
56.27875143830307,-122.73980138040167,2259197666,GR_C01
56.270197175106226,-122.78624919817736,2259197667,GR_C01
56.270386376213075,-122.78140408253789,2259197668,GR_C01
56.288325275628004,-122.69487541730112,2259197669,GR_C01
56.28836089473682,-122.69474589768348,2259197670,GR_C01
56.288532155477846,-122.69497069682127,2259197671,GR_C01
56.28860438864484,-122.69511551296297,2259197672,GR_C01
56.2881120343566,-122.69584637876507,2259197673,GR_C01
56.28757376359731,-122.69617373553669,2259197674,GR_C01
56.28750363012735,-122.69688507329691,2259197675,GR_C01
56.28752045143648,-122.69641647035056,2259197676,GR_C01
56.28760241896487,-122.69686813746551,2259197677,GR_C01
56.28787903491409,-122.69609054297278,2259197678,GR_C01
56.28848071191617,-122.69597268782823,2259197679,GR_C01
56.290936420119976,-122.69716486442094,2259197680,GR_C01
56.2878861538213,-122.69533123498569,2259197681,GR_C01
56.27727087062801,-122.69350995304696,2259197682,GR_C01
56.28799579242766,-122.69607346236297,2259197683,GR_C01
56.288040833333056,-122.69612156807501,2259197684,GR_C01
56.28822652687773,-122.69490851271107,2259197685,GR_C01
56.288639490604226,-122.69477598686966,2259197686,GR_C01
56.2890629108581,-122.69524110181442,2259197687,GR_C01
56.28862859273239,-122.6940006528392,2259197688,GR_C01
56.288804238450204,-122.6923676274737,2259197689,GR_C01
56.28902667826263,-122.69149348348436,2259197690,GR_C01
56.28772623165145,-122.69242474706672,2259197691,GR_C01
56.28508337374064,-122.69186445277394,2259197692,GR_C01
56.284777273777316,-122.69524288700755,2259197693,GR_C01
56.297102432052625,-122.69823101922778,2259197694,GR_C01
56.29800705443066,-122.69707663297731,2259197695,GR_C01
56.29622494793831,-122.69946592680095,2259197696,GR_C01
56.29666408431201,-122.69901005688618,2259197697,GR_C01
56.296405301871175,-122.69973919537229,2259197698,GR_C01
56.29163904119838,-122.70161832885624,2259197699,GR_C01
56.28112648908216,-122.75004139918883,2259197700,GR_C01
56.28433483565526,-122.74604688852035,2259197701,GR_C01
56.27025627048711,-122.71324905301199,2259197702,GR_C01
56.281072915578065,-122.70150679540329,2259197703,GR_C01
56.28401260174369,-122.69851180545179,2259197704,GR_C01
56.28422270137106,-122.69624876832398,2259197705,GR_C01
56.289779062042065,-122.72080889395575,2259197706,GR_C01
56.29143660931422,-122.71877734072481,2259197707,GR_C01
56.26878572757125,-122.75658035270568,2259197708,GR_C01
56.269817854005645,-122.75150375316692,2259197709,GR_C01
56.26561185764931,-122.75090136413012,2259197710,GR_C01
56.26337699034529,-122.78060456055174,2259197711,GR_C01
56.28049080528379,-122.75114382342808,2259197712,GR_C01
56.281282996415904,-122.72229213231594,2259197713,GR_C01
56.32252088897204,-122.75135556438767,2259197714,GR_C01
56.3115603819962,-122.76078587263821,2259197715,GR_C01
56.263328615791096,-122.7459115845074,2259197716,GR_C01
56.25253784526879,-122.75019544146132,2259197717,GR_C01
56.24371900496926,-122.76135418770818,2259197718,GR_C01
56.24463996037388,-122.74558354297152,2259197719,GR_C01
56.247336667426296,-122.7462272856145,2259197720,GR_C01
56.28204179293903,-122.74948626720402,2259197721,GR_C01
56.278263224790756,-122.7299853677549,2259197722,GR_C01
56.28555369911393,-122.69677127464017,2259197723,GR_C01
56.28428974062303,-122.69794427770611,2259197724,GR_C01
56.28231948688342,-122.70056027197509,2259197725,GR_C01
56.27405006324574,-122.71816209448454,2259197726,GR_C01
56.272772138051515,-122.71723491255949,2259197727,GR_C01
56.27436587703101,-122.71875726950276,2259197728,GR_C01
56.27487978458298,-122.71954478928178,2259197729,GR_C01
56.27607756097777,-122.72079566940283,2259197730,GR_C01
56.27301527074091,-122.71747533904028,2259197731,GR_C01
56.27675226682774,-122.72117834390188,2259197732,GR_C01
56.27686251173908,-122.72225956678552,2259197733,GR_C01
56.27674011069758,-122.71977341929427,2259197734,GR_C01
56.276650083612104,-122.7196933298804,2259197735,GR_C01
56.27638332296664,-122.72092263726394,2259197736,GR_C01
56.27514374899197,-122.70933674925018,2259197737,GR_C01
56.281650338493144,-122.71786391925522,2259197738,GR_C01
56.28441115988838,-122.73953680530165,2259197739,GR_C01
56.28283906132172,-122.74394087303985,2259197740,GR_C01
56.2829342555672,-122.74654073679459,2259197741,GR_C01
56.27101041190068,-122.76882190552976,2259197742,GR_C01
56.281110160323664,-122.74207886344597,2259197743,GR_C01
56.27825797217033,-122.74012773503549,2259197744,GR_C01
56.27934134867376,-122.73834381530969,2259197745,GR_C01
56.281944464835924,-122.75022988421803,2259197746,GR_C01
56.28205234334385,-122.7502614846023,2259197747,GR_C01
56.280208253429144,-122.74474985324399,2259197748,GR_C01
56.246758986450395,-122.78258761502408,2259197749,GR_C01
56.282834831294224,-122.74625065613407,2259197750,GR_C01
56.278977151229526,-122.74464499992119,2259197751,GR_C01
56.28093499371927,-122.74426047228191,2259197752,GR_C01
56.280328898904685,-122.74662257431056,2259197753,GR_C01
56.28207024708503,-122.75022906429622,2259197754,GR_C01
56.282350894510024,-122.74685148231582,2259197755,GR_C01
56.27813684952268,-122.73386229609201,2259197756,GR_C01
56.278542432213506,-122.7344570415231,2259197757,GR_C01
56.278780910634566,-122.73254963844516,2259197758,GR_C01
56.278877379164655,-122.73563370474609,2259197759,GR_C01
56.27698382981173,-122.73666419617483,2259197760,GR_C01
56.28242887506815,-122.74985523147672,2259197761,GR_C01
56.284551884616235,-122.74674002259994,2259197762,GR_C01
56.273383157504135,-122.74629708400015,2259197763,GR_C01
56.28415775706809,-122.74732412464746,2259197764,GR_C01
56.283842080761865,-122.74672856194618,2259197765,GR_C01
56.28082498960857,-122.7475722196853,2259197766,GR_C01
56.27931231454368,-122.75039239638835,2259197767,GR_C01
56.28304447659528,-122.74771911966128,2259197768,GR_C01
56.28299886289931,-122.74738022380566,2259197769,GR_C01
56.278664557332355,-122.74555150382575,2259197770,GR_C01
56.278222519424894,-122.74907517949971,2259197771,GR_C01
56.279024523381025,-122.74149533157605,2259197772,GR_C01
56.28169107269463,-122.74932704370796,2259197773,GR_C01
56.27973931442458,-122.75274763528625,2259197774,GR_C01
56.277978848693685,-122.73142472961622,2259197775,GR_C01
56.27881506664302,-122.73172572743745,2259197776,GR_C01
56.27780086436914,-122.73640018170718,2259197777,GR_C01
56.27739473936845,-122.7355470334763,2259197778,GR_C01
56.278792088486846,-122.73356703774567,2259197779,GR_C01
56.28315448986489,-122.74880059703976,2259197780,GR_C01
56.2848757867294,-122.7469640233687,2259197781,GR_C01
56.281619066326726,-122.7492629083079,2259197782,GR_C01
56.28238946702364,-122.74814338289373,2259197783,GR_C01
56.280148486568635,-122.75069381863669,2259197784,GR_C01
56.282570140466476,-122.74862675585335,2259197785,GR_C01
56.28030098630169,-122.74615437805127,2259197786,GR_C01
56.27940495286554,-122.7473393136744,2259197787,GR_C01
56.28334961848914,-122.74755558700409,2259197788,GR_C01
56.28390724626011,-122.74784265938086,2259197789,GR_C01
56.278254920418874,-122.74297019144821,2259197790,GR_C01
56.278752874952495,-122.73204917117116,2259197791,GR_C01
56.27901335129707,-122.73619803509948,2259197792,GR_C01
56.278611879123225,-122.74180497185473,2259197793,GR_C01
56.27213893567919,-122.71536645756454,2259197794,GR_C01
56.270190831639084,-122.71215155874899,2259197795,GR_C01
56.28233299165559,-122.74688390443531,2259197796,GR_C01
56.28035490123252,-122.75057941810759,2259197797,GR_C01
56.280507962075305,-122.75073993330513,2259197798,GR_C01
56.28180175269579,-122.74632210438806,2259197799,GR_C01
56.28130366141824,-122.7487965791602,2259197800,GR_C01
56.2816943284767,-122.75544849678204,2259197801,GR_C01
56.28044402033238,-122.7547135248187,2259197802,GR_C01
56.280115165493726,-122.75652453964682,2259197803,GR_C01
56.28343728513579,-122.7464889520031,2259197804,GR_C01
56.28213546593263,-122.74694981662135,2259197805,GR_C01
56.27823624014662,-122.7605417237002,2259197806,GR_C01
56.280972578682544,-122.75850570655851,2259197807,GR_C01
56.265597739393264,-122.75282269491123,2259197808,GR_C01
56.27316992950963,-122.77055287005875,2259197809,GR_C01
56.27199326260535,-122.77072138902673,2259197810,GR_C01
56.27492791290298,-122.76894361587821,2259197811,GR_C01
56.27495202436794,-122.76742548343032,2259197812,GR_C01
56.269357742744724,-122.759644545403,2259197813,GR_C01
56.26959707091027,-122.76261400931526,2259197814,GR_C01
56.26467119187276,-122.7434325821119,2259197815,GR_C01
56.27578352448256,-122.69516906449132,2259197816,GR_C01
56.28780664422049,-122.69588111196977,2259197817,GR_C01
56.27920390874185,-122.74134876605058,2259197818,GR_C01
56.2734980542797,-122.76824171527225,2259197819,GR_C01
56.28621341788036,-122.73781227509295,2259197820,GR_C01
56.27854500841985,-122.73148536305406,2259197821,GR_C01
56.27511459327745,-122.76787666522183,2259197822,GR_C01
56.27469905860152,-122.77642183914166,2259197823,GR_C01
56.27511607415675,-122.76866795078107,2259197824,GR_C01
56.27501018880945,-122.76492206272313,2259197825,GR_C01
56.27476374467702,-122.76763655929325,2259197826,GR_C01
56.27465928190162,-122.76942969557156,2259197827,GR_C01
56.28090402998863,-122.7602181775498,2259197828,GR_C01
56.273921833050984,-122.7690465710729,2259197829,GR_C01
56.28195673332051,-122.74741939805601,2259197830,GR_C01
56.283248144269535,-122.73763873902757,2259197831,GR_C01
56.282889587502844,-122.73802884601677,2259197832,GR_C01
56.2857979889855,-122.6938132675957,2259197833,GR_C01
56.28909282736832,-122.68212316585739,2259197834,GR_C01
56.29103808729353,-122.67695337771329,2259197835,GR_C01
56.282801121270275,-122.69910281525544,2259197836,GR_C01
56.27070616063427,-122.70967719223673,2259197837,GR_C01
56.27045622261438,-122.71037340331229,2259197838,GR_C01
56.275133246546254,-122.70869087272618,2259197839,GR_C01
56.22545933028722,-122.70956779842074,2259197840,GR_C01
56.23041000583878,-122.73779024657219,2259197841,GR_C01
56.24466751252639,-122.72486465107579,2259197842,GR_C01
56.2641117741487,-122.74229008406361,2259197843,GR_C01
56.26609563327308,-122.7457963765536,2259197844,GR_C01
56.266321006829884,-122.74616622124049,2259197845,GR_C01
56.26658891839601,-122.74978099135758,2259197846,GR_C01
56.26679077464608,-122.74742244992932,2259197847,GR_C01
56.265430338430576,-122.73698572647076,2259197848,GR_C01
56.267011128313186,-122.74101124868287,2259197849,GR_C01
56.267111643480106,-122.7418178450939,2259197850,GR_C01
56.26738861078147,-122.74107328113735,2259197851,GR_C01
56.26982824783812,-122.74775766328422,2259197852,GR_C01
56.288490707083106,-122.69274169986424,2259197853,GR_C01
56.28148084375544,-122.68838852870265,2259197854,GR_C01
56.273363560046704,-122.71655232700348,2259197855,GR_C01
56.269520328950264,-122.70973461264475,2259197856,GR_C01
56.269927160030214,-122.71081336173387,2259197857,GR_C01
56.26948616802361,-122.71049375796896,2259197858,GR_C01
56.26940201545883,-122.70908964890731,2259197859,GR_C01
56.27552435524961,-122.71852268156681,2259197860,GR_C01
56.275023023246874,-122.71931765720574,2259197861,GR_C01
56.27587676403728,-122.71940830002235,2259197862,GR_C01
56.27392428115939,-122.71816301939157,2259197863,GR_C01
56.269538297819565,-122.70973447658689,2259197864,GR_C01
56.26953791917357,-122.70957301398606,2259197865,GR_C01
56.26835231712786,-122.71358621536363,2259197866,GR_C01
56.27088566698243,-122.71345425724888,2259197867,GR_C01
56.2548701774536,-122.70372828812512,2259197868,GR_C01
56.27822161044502,-122.7039192357373,2259197869,GR_C01
56.2760181133134,-122.71055746303954,2259197870,GR_C01
56.29242096394802,-122.69073911497154,2259197871,GR_C01
56.27472366224336,-122.71413610797237,2259197872,GR_C01
56.287886947079244,-122.6920195994384,2259197873,GR_C01
56.27988979766087,-122.6952979092544,2259197874,GR_C01
56.28902296709044,-122.6900072745568,2259197875,GR_C01
56.28849090421774,-122.68922000742423,2259197876,GR_C01
56.284006404044014,-122.69965869234676,2259197877,GR_C01
56.28584487397675,-122.69098604287537,2259197878,GR_C01
56.28362157791784,-122.69659273625147,2259197879,GR_C01
56.27629424808099,-122.70953796582417,2259197880,GR_C01
56.276489030388646,-122.71215270445985,2259197881,GR_C01
56.28165204892621,-122.70699384637169,2259197882,GR_C01
56.281244934528814,-122.7173823600181,2259197883,GR_C01
56.270656679870164,-122.70773992476268,2259197884,GR_C01
56.26938115868085,-122.71558069186325,2259197885,GR_C01
56.275575318258944,-122.71723038041453,2259197886,GR_C01
56.27364646184544,-122.71454784888141,2259197887,GR_C01
56.27239817114487,-122.7070968841445,2259197888,GR_C01
56.2724545942869,-122.70816220623676,2259197889,GR_C01
56.27545736939456,-122.7089790918768,2259197890,GR_C01
56.27272242808335,-122.68900876419681,2259197891,GR_C01
56.27555598342875,-122.71663300717489,2259197892,GR_C01
56.27787879304814,-122.72675806619654,2259197893,GR_C01
56.28879393539452,-122.71432190129832,2259197894,GR_C01
56.287384198896675,-122.71861324116641,2259197895,GR_C01
56.284115556710276,-122.71938027104918,2259197896,GR_C01
56.281879276727174,-122.71976813909885,2259197897,GR_C01
56.291384340310316,-122.72349520314107,2259197898,GR_C01
56.25415798956116,-122.73433535606915,2259197899,GR_C01
56.257290792586915,-122.73302234562705,2259197900,GR_C01
56.25803772074787,-122.73358210526153,2259197901,GR_C01
56.25554543316149,-122.7319369308614,2259197902,GR_C01
56.26627793698998,-122.74271144301717,2259197903,GR_C01
56.265972800615565,-122.74287494098559,2259197904,GR_C01
56.26733261174139,-122.7624342837457,2259197905,GR_C01
56.281664998788436,-122.76347604498123,2259197906,GR_C01
56.28076636802318,-122.76338468436813,2259197907,GR_C01
56.279604728566916,-122.74399478711696,2259197908,GR_C01
56.27892390278926,-122.72807495461595,2259197909,GR_C01
56.28818248895697,-122.72199980116568,2259197910,GR_C01
56.290364854692484,-122.71763818160018,2259197911,GR_C01
56.28428886331761,-122.70883124912655,2259197912,GR_C01
56.27926883530579,-122.56296402505801,2259197913,GR_C01
56.2399396312938,-122.54216326314575,2259197914,GR_C01
56.23962896423538,-122.54076330443793,2259197915,GR_C01
56.246875652130115,-122.71598960227527,2259197916,GR_C01
56.247901422986,-122.72461553615341,2259197917,GR_C01
56.26537264608801,-122.73521019656489,2259197918,GR_C01
56.266852176551716,-122.73805771421831,2259197919,GR_C01
56.266282488521185,-122.73633407416885,2259197920,GR_C01
56.26671754627048,-122.73812321542842,2259197921,GR_C01
56.26472676892613,-122.74423943536655,2259197922,GR_C01
56.288296928138124,-122.69431023694669,2259197923,GR_C01
56.28066732887134,-122.72019693438806,2259197924,GR_C01
56.280840291586884,-122.72119705220017,2259197925,GR_C01
56.27854466924651,-122.76207407644682,2259197926,GR_C01
56.28729972526615,-122.76898208026643,2259197927,GR_C01
56.27877416995771,-122.77428236112301,2259197928,GR_C01
56.26964119466122,-122.78686586732682,2259197929,GR_C01
56.28463040338043,-122.78859161149734,2259197930,GR_C01
56.299952821109365,-122.80174151330141,2259197931,GR_C01
56.28517100567644,-122.77917137152396,2259197932,GR_C01
56.284293598349485,-122.78090477091257,2259197933,GR_C01
56.295827894323494,-122.801100407103,2259197934,GR_C01
56.295605764039216,-122.80265268011416,2259197935,GR_C01
56.279312948115425,-122.78419567555359,2259197936,GR_C01
56.307642334513964,-122.76037396770658,2259197937,GR_C01
56.3076070529249,-122.7607136026545,2259197938,GR_C01
56.30355594501939,-122.79640593575873,2259197939,GR_C01
56.30385168709239,-122.79595185574205,2259197940,GR_C01
56.306967070924784,-122.79459377986142,2259197941,GR_C01
56.308363679282394,-122.76643053724538,2259197942,GR_C01
56.26991635603368,-122.71389746383909,2259197943,GR_C01
56.27614806849634,-122.70850551646089,2259197944,GR_C01
56.289365308714885,-122.67977844131661,2259197945,GR_C01
56.28902365158568,-122.67968436874206,2259197946,GR_C01
56.28832328297214,-122.69406770954733,2259197947,GR_C01
56.28815070441375,-122.69696072523928,2259197948,GR_C01
56.2891314641573,-122.67968346721612,2259197949,GR_C01
56.2867504040307,-122.68664951695838,2259197950,GR_C01
56.28195067649407,-122.69668672619439,2259197951,GR_C01
56.28825381456489,-122.6773161013774,2259197952,GR_C01
56.289348645112476,-122.67682223126427,2259197953,GR_C01
56.28845546204654,-122.69666753289442,2259197954,GR_C01
56.287932431258575,-122.6922453940909,2259197955,GR_C01
56.29526727306166,-122.6864505757587,2259197956,GR_C01
56.29496616256895,-122.69176878532916,2259197957,GR_C01
56.282470465474056,-122.70356336416249,2259197958,GR_C01
56.28282159174138,-122.70386753839735,2259197959,GR_C01
56.25411543315023,-122.73967800398954,2259197960,GR_C01
56.25407602209336,-122.73803198918907,2259197961,GR_C01
56.25413049329668,-122.74258310971882,2259197962,GR_C01
56.253625075101034,-122.74148899304114,2259197963,GR_C01
56.26546651631449,-122.73709849201845,2259197964,GR_C01
56.264845765051774,-122.73671527905654,2259197965,GR_C01
56.26524445505347,-122.74258922049428,2259197966,GR_C01
56.26685060299372,-122.73731503655058,2259197967,GR_C01
56.26784712373679,-122.73695300043097,2259197968,GR_C01
56.26565907734751,-122.73470772649304,2259197969,GR_C01
56.26657831831091,-122.74027148933644,2259197970,GR_C01
56.26741597265088,-122.73700439560473,2259197971,GR_C01
56.26670838768199,-122.73382861718358,2259197972,GR_C01
56.28102365889013,-122.69603185706565,2259197973,GR_C01
56.28617430810293,-122.68978802156983,2259197974,GR_C01
56.28907390381321,-122.71494984971113,2259197975,GR_C01
56.29102076305798,-122.71373984726145,2259197976,GR_C01
56.29502651516793,-122.69436962501369,2259197977,GR_C01
56.287431715404445,-122.69686948822213,2259197978,GR_C01
56.285333391601284,-122.7022489561393,2259197979,GR_C01
56.295331917244454,-122.698002609017,2259197980,GR_C01
56.28251530395667,-122.71893973488268,2259197981,GR_C01
56.28191347064274,-122.70358382512023,2259197982,GR_C01
56.27532203992553,-122.6902311430737,2259197983,GR_C01
56.27741005050064,-122.69166775443655,2259197984,GR_C01
56.28076402238818,-122.69640539622898,2259197985,GR_C01
56.285895936466915,-122.69710778825635,2259197986,GR_C01
56.26996703619279,-122.71639982790053,2259197987,GR_C01
56.26524710530354,-122.73532407665671,2259197988,GR_C01
56.2511086822933,-122.76836085774919,2259197989,GR_C01
56.25088167160267,-122.75317574188847,2259197990,GR_C01
56.25667242848534,-122.73375300035386,2259197991,GR_C01
56.25880565777599,-122.73556223830049,2259197992,GR_C01
56.25267192925931,-122.71651156884892,2259197993,GR_C01
56.24446594180821,-122.72715740645593,2259197994,GR_C01
56.25438168944336,-122.7424038822757,2259197995,GR_C01
56.246983391739356,-122.7159565306475,2259197996,GR_C01
56.25550037097239,-122.73187268329913,2259197997,GR_C01
56.25763147091966,-122.73268100213974,2259197998,GR_C01
56.258207176408945,-122.72886753281195,2259197999,GR_C01
56.282897887849934,-122.74633099932123,2259198000,GR_C01
56.286542858114565,-122.7121902442182,2259198001,GR_C01
56.296554581343436,-122.69831612602812,2259198002,GR_C01
56.2897496107151,-122.70425016805798,2259198003,GR_C01
56.28592771333322,-122.6881908252188,2259198004,GR_C01
56.27560027377826,-122.69011585047025,2259198005,GR_C01
56.28103869690936,-122.70598099865272,2259198006,GR_C01
56.26975200113306,-122.71665976487523,2259198007,GR_C01
56.274842694126605,-122.72707038949548,2259198008,GR_C01
56.27429398338393,-122.743578101609,2259198009,GR_C01
56.28525586279283,-122.71512363603641,2259198010,GR_C01
56.293400916115836,-122.7019923615158,2259198011,GR_C01
56.28736122282291,-122.69743543830177,2259198012,GR_C01
56.28092753787315,-122.72810919000851,2259198013,GR_C01
56.272398591209736,-122.7072745062195,2259198014,GR_C01
56.2716398217987,-122.7093633195453,2259198015,GR_C01
56.279318595864765,-122.69320286320406,2259198016,GR_C01
56.24902059248667,-122.72286460917888,2259198017,GR_C01
56.246453628037806,-122.72404500200716,2259198018,GR_C01
56.241496963132505,-122.68745476643309,2259198019,GR_C01
56.25735477427023,-122.67011877867961,2259198020,GR_C01
56.259857027774956,-122.66845071985263,2259198021,GR_C01
56.24264424851468,-122.66911578164455,2259198022,GR_C01
56.23630918132992,-122.66544376744564,2259198023,GR_C01
56.24056694677514,-122.67179586476931,2259198024,GR_C01
56.249238754314476,-122.71216354050418,2259198025,GR_C01
56.23473984841409,-122.75495726220119,2259198026,GR_C01
56.22053991990108,-122.71523295379497,2259198027,GR_C01
56.24983164743727,-122.72395615080173,2259198028,GR_C01
56.24722167429102,-122.71800418461248,2259198029,GR_C01
56.2476171688201,-122.72205174369725,2259198030,GR_C01
56.247757286036006,-122.7204369913148,2259198031,GR_C01
56.245644268847755,-122.72371195684076,2259198032,GR_C01
56.2448366746697,-122.72016782022014,2259198033,GR_C01
56.251503119289175,-122.72410551255565,2259198034,GR_C01
56.25084267690228,-122.72609531866303,2259198035,GR_C01
56.25089508195459,-122.72541711948739,2259198036,GR_C01
56.23361645887085,-122.7330902327363,2259198037,GR_C01
56.23299534381881,-122.73254609187518,2259198038,GR_C01
56.24981504463603,-122.72456952327113,2259198039,GR_C01
56.25020598797107,-122.71862778422603,2259198040,GR_C01
56.252107200354985,-122.71708061450055,2259198041,GR_C01
56.22597359930059,-122.73873985017988,2259198042,GR_C01
56.22906991017549,-122.73713808896908,2259198043,GR_C01
56.229966424970875,-122.74047083704303,2259198044,GR_C01
56.22856123362962,-122.7345447548587,2259198045,GR_C01
56.23030520849655,-122.74351712178046,2259198046,GR_C01
56.231719106387125,-122.73653924729699,2259198047,GR_C01
56.23071419951641,-122.74144972412141,2259198048,GR_C01
56.23354667215949,-122.72991283351136,2259198049,GR_C01
56.24634297110864,-122.71486397060993,2259198050,GR_C01
56.24174106934254,-122.71801218988624,2259198051,GR_C01
56.242676782876366,-122.7266053945647,2259198052,GR_C01
56.23625458752413,-122.73153929750795,2259198053,GR_C01
56.24910136464894,-122.72686623393338,2259198054,GR_C01
56.248122056499426,-122.72687320584656,2259198055,GR_C01
56.233662166551895,-122.72931515752371,2259198056,GR_C01
56.234382114825046,-122.72174429120302,2259198057,GR_C01
56.228910737400795,-122.72997770547546,2259198058,GR_C01
56.22904226470734,-122.7326220185559,2259198059,GR_C01
56.23408247487685,-122.75420327307921,2259198060,GR_C01
56.23255080215374,-122.74324402314818,2259198061,GR_C01
56.2323441248624,-122.743229274586,2259198062,GR_C01
56.23196567070982,-122.73419859976313,2259198063,GR_C01
56.23165552752629,-122.73621707170241,2259198064,GR_C01
56.230453425048275,-122.73288640219995,2259198065,GR_C01
56.22353331872907,-122.73617610312789,2259198066,GR_C01
56.22343469527392,-122.73627354353732,2259198067,GR_C01
56.224538069957255,-122.73545958546603,2259198068,GR_C01
56.22841567206458,-122.7254811294442,2259198069,GR_C01
56.27027644614073,-122.79057610409616,2259198070,GR_C01
56.2705274203433,-122.78498789635857,2259198071,GR_C01
56.26913191224348,-122.77328962519569,2259198072,GR_C01
56.26406584077384,-122.76432725354209,2259198073,GR_C01
56.26982175856841,-122.75801082523195,2259198074,GR_C01
56.26925468754807,-122.7484718792185,2259198075,GR_C01
56.2661132559009,-122.74129178042634,2259198076,GR_C01
56.253557095063044,-122.7433616682435,2259198077,GR_C01
56.26601412308303,-122.7411471439325,2259198078,GR_C01
56.26837787077602,-122.75936006026534,2259198079,GR_C01
56.27328272912657,-122.76840449818935,2259198080,GR_C01
56.272976104196246,-122.77757839458084,2259198081,GR_C01
56.272294239967984,-122.77811522450818,2259198082,GR_C01
56.27421759706259,-122.76865722515166,2259198083,GR_C01
56.27402834955727,-122.76835154763535,2259198084,GR_C01
56.26864391113277,-122.7622001117833,2259198085,GR_C01
56.25518943476398,-122.73350504680323,2259198086,GR_C01
56.24860192602764,-122.72854811298961,2259198087,GR_C01
56.24838275839203,-122.74812460571023,2259198088,GR_C01
56.248776035988776,-122.74712148087929,2259198089,GR_C01
56.24650900092987,-122.74570024436068,2259198090,GR_C01
56.244037998994436,-122.74558753416176,2259198091,GR_C01
56.23140430498484,-122.7363801027852,2259198092,GR_C01
56.3322405427556,-122.48970910307058,2259198093,GR_C01
56.352470383946,-122.48453592608377,2259198094,GR_C01
56.32124127927155,-122.58275993251094,2259198095,GR_C01
56.32571556216159,-122.58009153615136,2259198096,GR_C01
56.32767144239671,-122.57664177734246,2259198097,GR_C01
56.32345960847026,-122.57720580888493,2259198098,GR_C01
56.30793421389153,-122.56679065002903,2259198099,GR_C01
56.306671722366744,-122.56546346615589,2259198100,GR_C01
56.32087900407249,-122.49286796646409,2259198101,GR_C01
56.331484612495146,-122.48941190519314,2259198102,GR_C01
56.330057126660606,-122.49185680029916,2259198103,GR_C01
56.33060882940109,-122.4905556713243,2259198104,GR_C01
56.34757345436358,-122.41180946774949,2259198105,GR_C01
56.33469608435246,-122.479567447308,2259198106,GR_C01
56.331374429215884,-122.48666399808378,2259198107,GR_C01
56.33059076692955,-122.4927230239334,2259198108,GR_C01
56.33021283847781,-122.49258248576285,2259198109,GR_C01
56.304614528370415,-122.54551127092277,2259198110,GR_C01
56.279090227486044,-122.51960145820547,2259198111,GR_C01
56.280595836250676,-122.5374782627771,2259198112,GR_C01
56.27994878988797,-122.53743761966219,2259198113,GR_C01
56.27985940911257,-122.53997440822961,2259198114,GR_C01
56.25011536487401,-122.56345759085772,2259198115,GR_C01
56.261479366043766,-122.5681227741051,2259198116,GR_C01
56.26056802650178,-122.56958589575676,2259198117,GR_C01
56.25998179972399,-122.56894677076647,2259198118,GR_C01
56.25999067161329,-122.56891438579768,2259198119,GR_C01
56.260092240344214,-122.57490217181052,2259198120,GR_C01
56.26237953070896,-122.57119606839512,2259198121,GR_C01
56.264036942861104,-122.57242064570063,2259198122,GR_C01
56.26277603177532,-122.56894764697932,2259198123,GR_C01
56.24905645028645,-122.55373840852532,2259198124,GR_C01
56.238476122916516,-122.53759878057237,2259198125,GR_C01
56.24162369710383,-122.52649229490974,2259198126,GR_C01
56.2409376178253,-122.53511665737595,2259198127,GR_C01
56.240159809375115,-122.53375466326882,2259198128,GR_C01
56.23932542431806,-122.53407134524073,2259198129,GR_C01
56.236581747009794,-122.53557273703295,2259198130,GR_C01
56.241098547088725,-122.53490495673728,2259198131,GR_C01
56.24044014508443,-122.53423529021246,2259198132,GR_C01
56.24046358152111,-122.53809113567671,2259198133,GR_C01
56.24041878045059,-122.53812394374116,2259198134,GR_C01
56.23820756039854,-122.57286978199511,2259198135,GR_C01
56.25847884743692,-122.56310412220373,2259198136,GR_C01
56.266789038745785,-122.56292869809039,2259198137,GR_C01
56.2701567993084,-122.55494601986959,2259198138,GR_C01
56.267543069430914,-122.5284649183821,2259198139,GR_C01
56.26720868343339,-122.52795236892003,2259198140,GR_C01
56.2553095611564,-122.53416772328144,2259198141,GR_C01
56.25506692502253,-122.53415452957215,2259198142,GR_C01
56.239131471050946,-122.53505786635323,2259198143,GR_C01
56.23972077681086,-122.54616713469643,2259198144,GR_C01
56.239668763126076,-122.5466840407177,2259198145,GR_C01
56.25569262765018,-122.57052835377843,2259198146,GR_C01
56.27048919797626,-122.5599638939716,2259198147,GR_C01
56.27021317144301,-122.5581424589016,2259198148,GR_C01
56.26982652668033,-122.56312012096946,2259198149,GR_C01
56.270367437502664,-122.5560577175196,2259198150,GR_C01
56.27046365712795,-122.55532998623617,2259198151,GR_C01
56.27265800494919,-122.55341521722426,2259198152,GR_C01
56.27832118361983,-122.54189861708564,2259198153,GR_C01
56.27601362674563,-122.57246467808112,2259198154,GR_C01
56.27156907112928,-122.55541404780799,2259198155,GR_C01
56.269789734678476,-122.56287833897761,2259198156,GR_C01
56.267204195973974,-122.56345677199258,2259198157,GR_C01
56.265923865504206,-122.56217974022613,2259198158,GR_C01
56.26624804209357,-122.5623859266478,2259198159,GR_C01
56.267322926138554,-122.56400437429711,2259198160,GR_C01
56.2700502754431,-122.56542657221277,2259198161,GR_C01
56.26176495876845,-122.57015362203408,2259198162,GR_C01
56.23236163345902,-122.49718350898621,2259198163,GR_C01
56.2551572781712,-122.52953721510282,2259198164,GR_C01
56.2517235072344,-122.52911129292247,2259198165,GR_C01
56.30975099016345,-122.59938821479123,2259198166,GR_C01
56.306945595197334,-122.59870642916232,2259198167,GR_C01
56.30600259954915,-122.60160931149555,2259198168,GR_C01
56.30447098061574,-122.56560157555326,2259198169,GR_C01
56.31316223187695,-122.53912155670794,2259198170,GR_C01
56.30243881134733,-122.55251844835949,2259198171,GR_C01
56.328747057429126,-122.49007914674078,2259198172,GR_C01
56.329785950474815,-122.48927286100265,2259198173,GR_C01
56.3319792425821,-122.48735132176097,2259198174,GR_C01
56.330591670468365,-122.482081518679,2259198175,GR_C01
56.34066280701745,-122.47765825271995,2259198176,GR_C01
56.33875785426595,-122.46496997983185,2259198177,GR_C01
56.33782231103936,-122.46888138136498,2259198178,GR_C01
56.326518713196414,-122.48786111732313,2259198179,GR_C01
56.30923693175578,-122.46764558524565,2259198180,GR_C01
56.314326928810836,-122.46873870614806,2259198181,GR_C01
56.31515062189422,-122.46806446611825,2259198182,GR_C01
56.26765807172556,-122.5647755638007,2259198183,GR_C01
56.26790894576393,-122.5301718930801,2259198184,GR_C01
56.359163455887845,-122.39497701863908,2259198185,GR_C01
56.36004687621281,-122.43757819572362,2259198186,GR_C01
56.35878064332814,-122.44568906652349,2259198187,GR_C01
56.35401724276245,-122.40093274883999,2259198188,GR_C01
56.329146147802355,-122.49099562249611,2259198189,GR_C01
56.33452735555499,-122.48003879413797,2259198190,GR_C01
56.338257608216196,-122.46564018565677,2259198191,GR_C01
56.3381410187892,-122.46777700695448,2259198192,GR_C01
56.342940318960416,-122.48084649820348,2259198193,GR_C01
56.372983478015946,-122.46575336406896,2259198194,GR_C01
56.36066848146461,-122.48771091134087,2259198195,GR_C01
56.36192732678125,-122.48578411128169,2259198196,GR_C01
56.34320624687541,-122.47998546194839,2259198197,GR_C01
56.328838535026684,-122.49486476100796,2259198198,GR_C01
56.33163668738278,-122.49804621307045,2259198199,GR_C01
56.333625514676235,-122.49884496941058,2259198200,GR_C01
56.33997899499374,-122.50816019931132,2259198201,GR_C01
56.322281130918,-122.51087776518624,2259198202,GR_C01
56.322821955671515,-122.48470910529758,2259198203,GR_C01
56.32164898984713,-122.49221101213733,2259198204,GR_C01
56.320357889986994,-122.49067600510301,2259198205,GR_C01
56.32073093964361,-122.48745354487231,2259198206,GR_C01
56.32073274465718,-122.48789006517404,2259198207,GR_C01
56.31974329469654,-122.48544578829677,2259198208,GR_C01
56.31922804222349,-122.48469283654889,2259198209,GR_C01
56.31749527860938,-122.48284080575363,2259198210,GR_C01
56.3215957169886,-122.45025395512188,2259198211,GR_C01
56.31700432151509,-122.48360727806437,2259198212,GR_C01
56.31676817257264,-122.48299613246152,2259198213,GR_C01
56.31833740426977,-122.48441381974253,2259198214,GR_C01
56.317022896079585,-122.48375252815194,2259198215,GR_C01
56.312158951722026,-122.48512747940572,2259198216,GR_C01
56.32015789679332,-122.49449433110752,2259198217,GR_C01
56.320236510004776,-122.49394357711519,2259198218,GR_C01
56.31990535835749,-122.48987363105788,2259198219,GR_C01
56.320157379619175,-122.48998344735476,2259198220,GR_C01
56.31938265405785,-122.48514345113833,2259198221,GR_C01
56.320151738635424,-122.48644271563215,2259198222,GR_C01
56.32063345156186,-122.48777821631356,2259198223,GR_C01
56.32700345722624,-122.4921237611796,2259198224,GR_C01
56.327434959721884,-122.49218271635587,2259198225,GR_C01
56.33568862054545,-122.50247339556927,2259198226,GR_C01
56.3356653010872,-122.50337947732127,2259198227,GR_C01
56.335924154547676,-122.50295557262915,2259198228,GR_C01
56.336834874310526,-122.47541367791518,2259198229,GR_C01
56.334606859718505,-122.50381375173761,2259198230,GR_C01
56.33501822003968,-122.50783582381649,2259198231,GR_C01
56.33415150044131,-122.50677949687879,2259198232,GR_C01
56.3341876888041,-122.50234735779702,2259198233,GR_C01
56.332526411524725,-122.50033114209754,2259198234,GR_C01
56.33278133502547,-122.49893689920951,2259198235,GR_C01
56.33510569169842,-122.5027397701139,2259198236,GR_C01
56.33386537072043,-122.50039451610708,2259198237,GR_C01
56.33322031374954,-122.49862384940492,2259198238,GR_C01
56.328762032104386,-122.49814862641674,2259198239,GR_C01
56.326324937912204,-122.4909846522269,2259198240,GR_C01
56.33203605348946,-122.4968279900489,2259198241,GR_C01
56.33187617728344,-122.49728293799818,2259198242,GR_C01
56.331573115514175,-122.50233286196104,2259198243,GR_C01
56.326857969542715,-122.48733910613454,2259198244,GR_C01
56.33015684881691,-122.48123027484117,2259198245,GR_C01
56.331513126240026,-122.47686137273139,2259198246,GR_C01
56.328919941755885,-122.48409328487789,2259198247,GR_C01
56.32754046914498,-122.47439299990813,2259198248,GR_C01
56.33028821638222,-122.47615037117271,2259198249,GR_C01
56.34171096917812,-122.50538779835985,2259198250,GR_C01
56.33518488932401,-122.51364028919387,2259198251,GR_C01
56.306378372824206,-122.50860815708471,2259198252,GR_C01
56.27861193231902,-122.51905833693856,2259198253,GR_C01
56.276425690582634,-122.51829444333794,2259198254,GR_C01
56.26318088750789,-122.56910453531768,2259198255,GR_C01
56.25536517568255,-122.55414922944836,2259198256,GR_C01
56.24684071961595,-122.50954847039405,2259198257,GR_C01
56.2473791586772,-122.4959700565727,2259198258,GR_C01
56.24328289564769,-122.49176404954886,2259198259,GR_C01
56.29343242363589,-122.4551337176318,2259198260,GR_C01
56.29142212163772,-122.45157568942804,2259198261,GR_C01
56.28641879066816,-122.43780344915865,2259198262,GR_C01
56.26663636208536,-122.40178220722531,2259198263,GR_C01
56.267405463266655,-122.40290041938663,2259198264,GR_C01
56.26939865177905,-122.41769207702045,2259198265,GR_C01
56.27764731717752,-122.43529965629587,2259198266,GR_C01
56.27914412245501,-122.43647275911083,2259198267,GR_C01
56.279642434033114,-122.43738603922533,2259198268,GR_C01
56.32807005285096,-122.48931194446733,2259198269,GR_C01
56.328034249704714,-122.48934476529571,2259198270,GR_C01
56.328238848814536,-122.49322318977266,2259198271,GR_C01
56.335749913792625,-122.50431650799135,2259198272,GR_C01
56.330948902428716,-122.49904177006525,2259198273,GR_C01
56.329544632538244,-122.49838093813052,2259198274,GR_C01
56.33349993437638,-122.50335907716531,2259198275,GR_C01
56.33275399424461,-122.4966244631495,2259198276,GR_C01
56.334918582173486,-122.50313038641362,2259198277,GR_C01
56.34036182148703,-122.48086533635022,2259198278,GR_C01
56.33946341366475,-122.48087753532147,2259198279,GR_C01
56.33944517447647,-122.4808130780397,2259198280,GR_C01
56.34014217671527,-122.47564329933273,2259198281,GR_C01
56.34114079463214,-122.48452692601252,2259198282,GR_C01
56.32726108453878,-122.49580734388775,2259198283,GR_C01
56.327016877110786,-122.49320703768947,2259198284,GR_C01
56.33186174873662,-122.49815647016781,2259198285,GR_C01
56.32833380471341,-122.49889813486216,2259198286,GR_C01
56.33484919823958,-122.50151386111756,2259198287,GR_C01
56.33470831284477,-122.50222736289842,2259198288,GR_C01
56.334575563953926,-122.50273048964688,2259198289,GR_C01
56.334909533210165,-122.50311432970014,2259198290,GR_C01
56.33237240184458,-122.49779395816822,2259198291,GR_C01
56.330124910612774,-122.49525207827021,2259198292,GR_C01
56.33245747281801,-122.4878462824356,2259198293,GR_C01
56.33473991136779,-122.48576158520598,2259198294,GR_C01
56.33258868261824,-122.48482011295337,2259198295,GR_C01
56.3323118558449,-122.48522817246348,2259198296,GR_C01
56.32964832688693,-122.48424518066689,2259198297,GR_C01
56.29817254617717,-122.4645676547577,2259198298,GR_C01
56.28314154358084,-122.46464850863673,2259198299,GR_C01
56.28291610207312,-122.46445783013563,2259198300,GR_C01
56.27725499303663,-122.51668517550057,2259198301,GR_C01
56.272956466590955,-122.54409428654009,2259198302,GR_C01
56.27325534339725,-122.55213254790972,2259198303,GR_C01
56.273180019427926,-122.55118068479344,2259198304,GR_C01
56.27968331582414,-122.59778065559028,2259198305,GR_C01
56.28237483336011,-122.60214575330676,2259198306,GR_C01
56.29823469132626,-122.61414849692683,2259198307,GR_C01
56.30515290371781,-122.61417574093413,2259198308,GR_C01
56.304002879510065,-122.61998917945762,2259198309,GR_C01
56.30606936776173,-122.62000099018448,2259198310,GR_C01
56.30470677435438,-122.61807514322062,2259198311,GR_C01
56.3048935496477,-122.61745914236427,2259198312,GR_C01
56.30310766589335,-122.60947740887585,2259198313,GR_C01
56.31352683766889,-122.60010845365764,2259198314,GR_C01
56.313526785491085,-122.60009228903021,2259198315,GR_C01
56.31457407744957,-122.59888508945379,2259198316,GR_C01
56.3149468026345,-122.59745859460254,2259198317,GR_C01
56.31646926067956,-122.59047485212275,2259198318,GR_C01
56.32012068414627,-122.59708080295967,2259198319,GR_C01
56.322115785578234,-122.59448895160064,2259198320,GR_C01
56.31847288022977,-122.59596644621789,2259198321,GR_C01
56.31888578684747,-122.59584891408514,2259198322,GR_C01
56.33768946070263,-122.53413507720975,2259198323,GR_C01
56.3359498272915,-122.50488003208932,2259198324,GR_C01
56.33507705131975,-122.50231960907236,2259198325,GR_C01
56.34151223458484,-122.48526606445706,2259198326,GR_C01
56.33511546615777,-122.50070167091225,2259198327,GR_C01
56.33518505554699,-122.50236672662257,2259198328,GR_C01
56.33415051370342,-122.49980852764554,2259198329,GR_C01